,dt_iso,pressure,humidity,wind_speed,wind_deg,node_id,P1,P2
0,2018-01-01 00:00:00 +0000 UTC,1010,70,4,190,574,8.780952380952382,7.145714285714284
1,2018-01-01 01:00:00 +0000 UTC,1010,91,1,260,574,8.61,6.448571428571429
2,2018-01-01 02:00:00 +0000 UTC,1011,87,4,280,574,3.0004761904761903,1.8604761904761908
3,2018-01-01 02:00:00 +0000 UTC,1011,87,4,280,574,0.6890476190476189,0.4223809523809524
4,2018-01-01 03:00:00 +0000 UTC,1012,75,7,250,574,1.1204761904761906,0.4533333333333334
5,2018-01-01 04:00:00 +0000 UTC,1014,81,6,240,574,1.2895238095238093,0.408095238095238
6,2018-01-01 05:00:00 +0000 UTC,1014,75,4,210,574,0.9499999999999998,0.31714285714285717
7,2018-01-01 06:00:00 +0000 UTC,1014,70,6,230,574,1.4785714285714286,0.4342857142857143
8,2018-01-01 07:00:00 +0000 UTC,1014,70,5,230,574,1.4880952380952384,0.4614285714285714
9,2018-01-01 08:00:00 +0000 UTC,1015,80,6,260,574,1.0514285714285714,0.37857142857142856
10,2018-01-01 09:00:00 +0000 UTC,1015,75,8,240,574,1.7704761904761905,0.6366666666666666
11,2018-01-01 10:00:00 +0000 UTC,1015,80,6,230,574,2.4671428571428575,0.8590476190476191
12,2018-01-01 11:00:00 +0000 UTC,1014,70,8,230,574,3.05,0.8519047619047619
13,2018-01-01 12:00:00 +0000 UTC,1013,65,6,240,574,2.693809523809524,0.7728571428571427
14,2018-01-01 13:00:00 +0000 UTC,1011,87,6,220,574,2.41,0.6761904761904761
15,2018-01-01 14:00:00 +0000 UTC,1009,80,5,210,574,1.9209523809523812,0.6533333333333333
16,2018-01-01 15:00:00 +0000 UTC,1007,80,3,230,574,2.4342857142857146,0.8061904761904761
17,2018-01-01 16:00:00 +0000 UTC,1006,80,3,230,574,2.5699999999999994,0.8614285714285715
18,2018-01-01 17:00:00 +0000 UTC,1005,86,3,200,574,2.951428571428571,0.8890476190476193
19,2018-01-01 18:00:00 +0000 UTC,1005,70,5,230,574,3.102857142857142,1.0476190476190474
20,2018-01-01 19:00:00 +0000 UTC,1005,75,4,230,574,2.8647619047619046,0.9252380952380952
21,2018-01-01 20:00:00 +0000 UTC,1006,80,6,220,574,2.6280952380952383,0.9985714285714283
22,2018-01-01 21:00:00 +0000 UTC,1006,80,5,210,574,1.9676190476190476,1.1804761904761907
23,2018-01-01 22:00:00 +0000 UTC,1008,80,8,230,574,1.860952380952381,1.1042857142857143
24,2018-01-01 23:00:00 +0000 UTC,1009,80,8,240,574,1.2823809523809522,0.7757142857142857
25,2018-01-02 00:00:00 +0000 UTC,1011,80,9,250,574,0.9419047619047618,0.5090476190476191
26,2018-01-02 00:00:00 +0000 UTC,1011,80,9,250,574,0.6047619047619047,0.41
27,2018-01-02 01:00:00 +0000 UTC,1012,52,4,240,574,0.7195238095238096,0.3866666666666667
28,2018-01-02 02:00:00 +0000 UTC,1012,80,7,230,574,1.0380952380952382,0.48333333333333334
29,2018-01-02 03:00:00 +0000 UTC,1013,80,7,230,574,1.08,0.3938095238095238
30,2018-01-02 04:00:00 +0000 UTC,1013,80,5,230,574,1.150952380952381,0.459047619047619
31,2018-01-02 05:00:00 +0000 UTC,1014,80,4,230,574,0.9780952380952379,0.451904761904762
32,2018-01-02 06:00:00 +0000 UTC,1014,80,4,230,574,1.2071428571428569,0.4261904761904762
33,2018-01-02 07:00:00 +0000 UTC,1015,80,5,230,574,1.9414285714285715,0.6690476190476191
34,2018-01-02 07:00:00 +0000 UTC,1015,80,5,230,574,1.4766666666666666,0.5742857142857144
35,2018-01-02 08:00:00 +0000 UTC,1017,93,4,280,574,1.2085714285714286,0.5000000000000001
36,2018-01-02 09:00:00 +0000 UTC,1018,86,3,230,574,2.3047619047619046,0.8704761904761905
37,2018-01-02 10:00:00 +0000 UTC,1019,93,2,240,574,2.1871428571428573,0.7671428571428571
38,2018-01-02 11:00:00 +0000 UTC,1019,80,0,0,574,2.6047619047619044,0.8695238095238096
39,2018-01-02 12:00:00 +0000 UTC,1018,70,6,250,574,3.2695238095238093,1.0776190476190475
40,2018-01-02 13:00:00 +0000 UTC,1018,80,3,250,574,3.7647619047619036,1.2204761904761905
41,2018-01-02 14:00:00 +0000 UTC,1018,88,4,230,574,3.791428571428571,1.1514285714285717
42,2018-01-02 15:00:00 +0000 UTC,1018,88,4,240,574,4.013333333333334,1.1228571428571426
43,2018-01-02 16:00:00 +0000 UTC,1018,88,3,220,574,4.915714285714286,1.337142857142857
44,2018-01-02 17:00:00 +0000 UTC,1018,87,2,200,574,4.219523809523809,1.2809523809523808
45,2018-01-02 18:00:00 +0000 UTC,1017,87,1,150,574,4.500476190476191,1.5133333333333334
46,2018-01-02 19:00:00 +0000 UTC,1018,87,4,240,574,4.656666666666668,1.4823809523809526
47,2018-01-02 20:00:00 +0000 UTC,1017,60,4,230,574,5.779999999999999,1.8190476190476195
48,2018-01-02 21:00:00 +0000 UTC,1016,65,3,180,574,4.281428571428571,1.659523809523809
49,2018-01-02 22:00:00 +0000 UTC,1015,65,7,230,574,4.744285714285714,1.8200000000000003
50,2018-01-02 23:00:00 +0000 UTC,1015,86,2,160,574,3.513333333333333,1.3466666666666667
51,2018-01-03 00:00:00 +0000 UTC,1014,80,3,150,574,5.01047619047619,1.4709523809523812
52,2018-01-03 00:00:00 +0000 UTC,1014,80,3,150,574,3.3633333333333333,1.4085714285714288
53,2018-01-03 01:00:00 +0000 UTC,1014,93,3,60,574,3.362380952380953,1.2147619047619047
54,2018-01-03 02:00:00 +0000 UTC,1011,86,6,180,574,3.592857142857144,1.705238095238095
55,2018-01-03 03:00:00 +0000 UTC,1011,86,5,170,574,3.6333333333333333,1.5333333333333334
56,2018-01-03 04:00:00 +0000 UTC,1009,87,3,180,574,3.1528571428571426,1.5371428571428571
57,2018-01-03 05:00:00 +0000 UTC,1007,81,4,220,574,2.124761904761905,1.2099999999999997
58,2018-01-03 06:00:00 +0000 UTC,1004,76,6,200,574,3.1142857142857148,2.1128571428571425
59,2018-01-03 07:00:00 +0000 UTC,1002,76,6,220,574,2.7928571428571427,2.3328571428571427
60,2018-01-03 08:00:00 +0000 UTC,1001,76,11,230,574,2.516190476190476,1.9285714285714286
61,2018-01-03 09:00:00 +0000 UTC,998,76,12,240,574,1.1385714285714283,0.709047619047619
62,2018-01-03 10:00:00 +0000 UTC,999,81,12,250,574,1.0657142857142854,0.5976190476190476
63,2018-01-03 11:00:00 +0000 UTC,1001,62,12,260,574,1.3066666666666666,0.7576190476190477
64,2018-01-03 12:00:00 +0000 UTC,1006,81,16,290,574,1.2285714285714284,0.7138095238095238
65,2018-01-03 13:00:00 +0000 UTC,1007,80,8,250,574,1.0147619047619048,0.5161904761904763
66,2018-01-03 13:00:00 +0000 UTC,1007,80,8,250,574,0.9004761904761907,0.37238095238095237
67,2018-01-03 14:00:00 +0000 UTC,1008,75,7,280,574,0.6928571428571428,0.3471428571428571
68,2018-01-03 15:00:00 +0000 UTC,1009,80,1,0,574,1.264761904761905,0.501904761904762
69,2018-01-03 16:00:00 +0000 UTC,1010,100,7,260,574,1.0399999999999996,0.4476190476190475
70,2018-01-03 17:00:00 +0000 UTC,1010,56,4,240,574,2.1219047619047617,0.6233333333333334
71,2018-01-03 18:00:00 +0000 UTC,1010,70,4,250,574,2.784761904761904,0.8333333333333331
72,2018-01-03 19:00:00 +0000 UTC,1011,80,5,270,574,2.895714285714286,0.9052380952380953
73,2018-01-03 19:00:00 +0000 UTC,1011,80,5,270,574,5.527619047619048,1.5171428571428571
74,2018-01-03 20:00:00 +0000 UTC,1011,86,4,230,574,6.92857142857143,1.9238095238095234
75,2018-01-03 21:00:00 +0000 UTC,1010,70,5,240,574,5.23952380952381,1.5652380952380949
76,2018-01-03 22:00:00 +0000 UTC,1011,75,5,240,574,4.3414285714285725,1.415714285714286
77,2018-01-03 23:00:00 +0000 UTC,1011,86,3,230,574,1.8442857142857145,0.6447619047619048
78,2018-01-03 23:00:00 +0000 UTC,1011,86,3,230,574,3.6399999999999992,1.244761904761905
79,2018-01-04 00:00:00 +0000 UTC,1010,86,6,240,574,5.637619047619047,1.6180952380952383
80,2018-01-04 01:00:00 +0000 UTC,1011,65,4,250,574,6.619047619047618,1.9952380952380955
81,2018-01-04 02:00:00 +0000 UTC,1010,75,2,250,574,3.975238095238096,1.2342857142857144
82,2018-01-04 03:00:00 +0000 UTC,1009,80,4,180,574,5.748095238095239,1.8480952380952378
83,2018-01-04 04:00:00 +0000 UTC,1008,86,4,210,574,5.577619047619048,1.5014285714285713
84,2018-01-04 05:00:00 +0000 UTC,1008,86,5,220,574,3.3971428571428572,1.033809523809524
85,2018-01-04 06:00:00 +0000 UTC,1007,86,4,180,574,2.7038095238095234,0.9090476190476192
86,2018-01-04 07:00:00 +0000 UTC,1007,80,5,190,574,1.2604761904761907,0.49857142857142867
87,2018-01-04 07:00:00 +0000 UTC,1007,80,5,190,574,0.7776190476190475,0.4014285714285714
88,2018-01-04 08:00:00 +0000 UTC,1006,86,5,190,574,0.5471428571428572,0.3209523809523809
89,2018-01-04 09:00:00 +0000 UTC,1006,86,5,170,574,0.47952380952380963,0.3076190476190476
90,2018-01-04 10:00:00 +0000 UTC,1005,93,4,160,574,0.5609523809523809,0.378095238095238
91,2018-01-04 10:00:00 +0000 UTC,1005,93,4,160,574,0.8414285714285715,0.5461904761904761
92,2018-01-04 11:00:00 +0000 UTC,1004,93,4,170,574,2.972857142857142,2.1176190476190477
93,2018-01-04 11:00:00 +0000 UTC,1004,93,4,170,574,4.452380952380953,3.1695238095238096
94,2018-01-04 12:00:00 +0000 UTC,1003,93,6,220,574,5.225714285714288,3.965238095238096
95,2018-01-04 12:00:00 +0000 UTC,1003,93,6,220,574,4.075238095238095,3.1561904761904764
96,2018-01-04 13:00:00 +0000 UTC,1003,93,9,230,574,1.5604761904761904,1.1623809523809523
97,2018-01-04 14:00:00 +0000 UTC,1003,87,10,230,574,1.5495238095238095,0.8771428571428569
98,2018-01-04 15:00:00 +0000 UTC,1003,87,8,240,574,0.9428571428571428,0.5466666666666667
99,2018-01-04 16:00:00 +0000 UTC,1003,87,6,250,574,0.7342857142857143,0.36333333333333334
100,2018-01-04 17:00:00 +0000 UTC,1003,87,8,240,574,0.722857142857143,0.3523809523809523
101,2018-01-04 18:00:00 +0000 UTC,1003,81,10,240,574,0.7023809523809524,0.3842857142857144
102,2018-01-04 19:00:00 +0000 UTC,1003,76,11,240,574,0.9052380952380953,0.5233333333333333
103,2018-01-04 20:00:00 +0000 UTC,1003,87,9,240,574,0.8809523809523809,0.4819047619047621
104,2018-01-04 21:00:00 +0000 UTC,1004,87,10,240,574,0.8604761904761905,0.4761904761904761
105,2018-01-04 22:00:00 +0000 UTC,1003,81,9,230,574,0.8742857142857142,0.48333333333333345
106,2018-01-04 23:00:00 +0000 UTC,1003,71,9,240,574,0.8347619047619048,0.4576190476190477
107,2018-01-05 00:00:00 +0000 UTC,1004,81,8,240,574,0.9723809523809525,0.504761904761905
108,2018-01-05 01:00:00 +0000 UTC,1005,87,5,50,574,0.8971428571428571,0.39285714285714285
109,2018-01-05 02:00:00 +0000 UTC,1006,81,5,270,574,1.0195238095238095,0.4114285714285715
110,2018-01-05 03:00:00 +0000 UTC,1006,81,4,250,574,0.6566666666666668,0.35571428571428576
111,2018-01-05 04:00:00 +0000 UTC,1007,81,2,180,574,0.7300000000000002,0.42714285714285716
112,2018-01-05 05:00:00 +0000 UTC,1006,93,1,160,574,0.9533333333333334,0.35428571428571426
113,2018-01-05 06:00:00 +0000 UTC,1005,81,5,240,574,1.728571428571429,0.6547619047619048
114,2018-01-05 07:00:00 +0000 UTC,1005,81,4,220,574,2.6466666666666665,0.8257142857142857
115,2018-01-05 08:00:00 +0000 UTC,1004,81,2,220,574,1.0833333333333333,0.5423809523809525
116,2018-01-05 09:00:00 +0000 UTC,1004,81,4,190,574,0.7214285714285713,0.40523809523809523
117,2018-01-05 10:00:00 +0000 UTC,1004,76,5,210,574,0.8271428571428571,0.3866666666666667
118,2018-01-05 11:00:00 +0000 UTC,1004,76,5,240,574,0.9433333333333335,0.5004761904761905
119,2018-01-05 12:00:00 +0000 UTC,1003,76,3,230,574,1.6,1.1542857142857144
120,2018-01-05 13:00:00 +0000 UTC,1003,71,2,210,574,1.8223809523809524,1.0676190476190477
121,2018-01-05 14:00:00 +0000 UTC,1003,71,5,240,574,2.1804761904761905,1.249047619047619
122,2018-01-05 15:00:00 +0000 UTC,1003,71,5,240,574,3.3961904761904758,2.1880952380952383
123,2018-01-05 16:00:00 +0000 UTC,1003,71,4,240,574,2.156190476190476,1.2280952380952384
124,2018-01-05 17:00:00 +0000 UTC,1003,71,4,220,574,1.5404761904761906,1.0685714285714283
125,2018-01-05 18:00:00 +0000 UTC,1003,76,0,0,574,0.962857142857143,0.5676190476190476
126,2018-01-05 19:00:00 +0000 UTC,1004,93,3,280,574,1.0433333333333334,0.6752380952380952
127,2018-01-05 20:00:00 +0000 UTC,1005,87,3,290,574,1.4438095238095239,0.9561904761904761
128,2018-01-05 21:00:00 +0000 UTC,1005,87,2,280,574,1.812857142857143,1.2757142857142856
129,2018-01-05 22:00:00 +0000 UTC,1006,87,2,243,574,3.3909523809523807,2.6704761904761907
130,2018-01-05 23:00:00 +0000 UTC,1006,93,0,0,574,7.0719047619047615,5.587142857142856
131,2018-01-06 00:00:00 +0000 UTC,1006,93,1,237,574,4.773333333333333,3.8209523809523813
132,2018-01-06 01:00:00 +0000 UTC,1006,87,2,210,574,15.418571428571427,10.218571428571428
133,2018-01-06 02:00:00 +0000 UTC,1006,93,1,176,574,24.715238095238096,14.523809523809524
134,2018-01-06 03:00:00 +0000 UTC,1006,93,0,130,574,47.41428571428571,16.90476190476191
135,2018-01-06 04:00:00 +0000 UTC,1006,93,1,176,574,68.61190476190477,21.280476190476193
136,2018-01-06 05:00:00 +0000 UTC,1005,100,1,87,574,33.33714285714286,18.44142857142857
137,2018-01-06 05:00:00 +0000 UTC,1005,100,1,87,574,11.834285714285713,9.225238095238096
138,2018-01-06 06:00:00 +0000 UTC,1005,93,1,150,574,9.371904761904762,7.5671428571428585
139,2018-01-06 07:00:00 +0000 UTC,1005,93,1,87,574,11.316190476190476,9.564761904761903
140,2018-01-06 08:00:00 +0000 UTC,1005,100,1,340,574,12.503809523809522,10.75142857142857
141,2018-01-06 09:00:00 +0000 UTC,1006,100,0,0,574,11.244285714285715,9.726190476190478
142,2018-01-06 10:00:00 +0000 UTC,1006,93,0,0,574,12.91,11.25904761904762
143,2018-01-06 11:00:00 +0000 UTC,1007,93,1,0,574,12.82904761904762,11.277142857142858
144,2018-01-06 12:00:00 +0000 UTC,1006,87,1,0,574,17.838571428571427,14.516190476190477
145,2018-01-06 13:00:00 +0000 UTC,1006,87,1,60,574,16.85952380952381,14.277619047619046
146,2018-01-06 14:00:00 +0000 UTC,1006,87,2,80,574,17.581904761904763,14.618095238095236
147,2018-01-06 15:00:00 +0000 UTC,1007,87,1,0,574,18.450952380952383,14.989523809523808
148,2018-01-06 16:00:00 +0000 UTC,1007,87,1,0,574,20.3752380952381,15.676190476190476
149,2018-01-06 17:00:00 +0000 UTC,1008,87,1,30,574,22.33428571428572,16.685714285714283
150,2018-01-06 18:00:00 +0000 UTC,1008,87,2,100,574,23.284285714285712,16.6452380952381
151,2018-01-06 19:00:00 +0000 UTC,1009,87,2,70,574,22.71190476190476,16.485714285714284
152,2018-01-06 20:00:00 +0000 UTC,1009,87,1,30,574,22.62238095238095,16.54571428571429
153,2018-01-06 21:00:00 +0000 UTC,1010,87,1,0,574,22.75571428571428,16.662380952380957
154,2018-01-06 22:00:00 +0000 UTC,1010,87,0,0,574,26.263333333333332,17.99952380952381
155,2018-01-06 23:00:00 +0000 UTC,1011,87,2,330,574,27.822857142857142,18.68809523809524
156,2018-01-07 00:00:00 +0000 UTC,1011,93,1,320,574,31.826190476190476,20.476666666666667
157,2018-01-07 01:00:00 +0000 UTC,1011,87,1,0,574,35.37761904761905,22.264285714285716
158,2018-01-07 02:00:00 +0000 UTC,1011,87,0,0,574,36.0252380952381,21.544761904761902
159,2018-01-07 03:00:00 +0000 UTC,1012,87,2,30,574,34.92714285714286,21.36619047619048
160,2018-01-07 04:00:00 +0000 UTC,1012,87,2,60,574,27.410952380952374,17.571428571428573
161,2018-01-07 05:00:00 +0000 UTC,1012,81,2,30,574,20.61428571428571,13.823333333333332
162,2018-01-07 06:00:00 +0000 UTC,1012,93,2,30,574,16.370952380952378,11.213809523809523
163,2018-01-07 07:00:00 +0000 UTC,1012,87,2,10,574,12.634285714285713,9.593333333333332
164,2018-01-07 08:00:00 +0000 UTC,1013,87,2,30,574,9.155714285714286,7.188095238095239
165,2018-01-07 09:00:00 +0000 UTC,1014,86,3,40,574,10.053333333333333,8.438095238095238
166,2018-01-07 10:00:00 +0000 UTC,1014,93,3,30,574,8.236190476190476,6.761428571428572
167,2018-01-07 11:00:00 +0000 UTC,1014,81,2,10,574,7.803809523809522,6.710476190476191
168,2018-01-07 12:00:00 +0000 UTC,1014,81,3,20,574,9.039047619047619,7.574761904761903
169,2018-01-07 13:00:00 +0000 UTC,1014,81,2,10,574,10.631428571428572,8.374761904761904
170,2018-01-07 14:00:00 +0000 UTC,1014,81,2,30,574,10.59761904761905,8.251904761904763
171,2018-01-07 15:00:00 +0000 UTC,1014,81,2,360,574,10.85047619047619,8.49142857142857
172,2018-01-07 16:00:00 +0000 UTC,1015,86,2,10,574,12.522857142857143,9.664285714285715
173,2018-01-07 17:00:00 +0000 UTC,1015,86,3,10,574,12.325714285714287,9.603333333333333
174,2018-01-07 18:00:00 +0000 UTC,1016,86,3,10,574,13.047619047619047,9.633333333333331
175,2018-01-07 19:00:00 +0000 UTC,1017,86,3,40,574,14.511904761904763,10.822380952380952
176,2018-01-07 20:00:00 +0000 UTC,1017,80,4,40,574,16.301904761904762,12.038571428571428
177,2018-01-07 21:00:00 +0000 UTC,1018,86,3,30,574,19.040476190476188,13.97904761904762
178,2018-01-07 22:00:00 +0000 UTC,1018,86,2,20,574,21.240952380952383,14.960476190476191
179,2018-01-07 23:00:00 +0000 UTC,1018,86,3,20,574,22.710476190476193,15.880952380952383
180,2018-01-08 00:00:00 +0000 UTC,1018,86,2,10,574,24.424285714285713,16.913809523809523
181,2018-01-08 01:00:00 +0000 UTC,1017,86,1,0,574,26.047619047619047,17.52952380952381
182,2018-01-08 02:00:00 +0000 UTC,1018,86,3,30,574,29.07333333333333,18.17142857142857
183,2018-01-08 03:00:00 +0000 UTC,1018,86,2,40,574,28.46142857142857,18.52095238095238
184,2018-01-08 04:00:00 +0000 UTC,1018,86,3,30,574,28.38857142857143,18.146666666666665
185,2018-01-08 05:00:00 +0000 UTC,1018,86,3,30,574,30.773809523809526,18.552857142857142
186,2018-01-08 06:00:00 +0000 UTC,1018,86,3,30,574,34.030952380952385,20.441904761904762
187,2018-01-08 07:00:00 +0000 UTC,1018,86,3,360,574,32.51285714285715,19.470476190476187
188,2018-01-08 08:00:00 +0000 UTC,1018,86,4,30,574,31.229523809523812,18.98047619047619
189,2018-01-08 09:00:00 +0000 UTC,1018,86,3,20,574,29.805714285714284,18.697619047619046
190,2018-01-08 10:00:00 +0000 UTC,1018,80,3,20,574,23.470476190476194,15.611428571428572
191,2018-01-08 11:00:00 +0000 UTC,1018,86,2,10,574,16.758095238095237,12.398571428571426
192,2018-01-08 12:00:00 +0000 UTC,1017,75,2,10,574,17.491428571428564,12.492857142857142
193,2018-01-08 13:00:00 +0000 UTC,1016,75,4,30,574,16.50380952380952,11.663809523809523
194,2018-01-08 14:00:00 +0000 UTC,1016,70,3,40,574,18.672857142857143,12.830952380952382
195,2018-01-08 15:00:00 +0000 UTC,1016,75,2,10,574,23.832380952380955,16.583333333333332
196,2018-01-08 16:00:00 +0000 UTC,1016,81,1,360,574,26.69523809523809,17.366190476190475
197,2018-01-08 17:00:00 +0000 UTC,1016,81,1,350,574,28.220476190476184,17.99809523809524
198,2018-01-08 18:00:00 +0000 UTC,1016,86,3,340,574,29.817619047619047,18.990952380952383
199,2018-01-08 19:00:00 +0000 UTC,1016,86,3,340,574,33.43666666666666,21.33047619047619
200,2018-01-08 20:00:00 +0000 UTC,1015,86,3,340,574,33.444761904761904,21.929523809523815
201,2018-01-08 21:00:00 +0000 UTC,1015,80,2,10,574,31.81,20.268095238095242
202,2018-01-08 22:00:00 +0000 UTC,1014,86,2,20,574,31.654761904761905,20.9147619047619
203,2018-01-08 23:00:00 +0000 UTC,1013,86,2,20,574,28.33761904761905,19.279523809523813
204,2018-01-09 00:00:00 +0000 UTC,1012,86,2,10,574,25.124285714285715,17.229047619047616
205,2018-01-09 01:00:00 +0000 UTC,1010,86,1,0,574,21.171904761904763,14.513809523809524
206,2018-01-09 02:00:00 +0000 UTC,1011,86,2,360,574,22.863333333333337,15.32095238095238
207,2018-01-09 03:00:00 +0000 UTC,1012,93,2,290,574,24.72333333333333,16.84285714285714
208,2018-01-09 04:00:00 +0000 UTC,1013,93,1,360,574,23.91952380952381,16.20095238095238
209,2018-01-09 05:00:00 +0000 UTC,1013,93,1,340,574,25.871904761904755,17.170476190476194
210,2018-01-09 06:00:00 +0000 UTC,1012,93,1,79,574,25.82190476190476,17.39
211,2018-01-09 07:00:00 +0000 UTC,1012,90,1,0,574,26.998095238095246,18.426666666666666
212,2018-01-09 08:00:00 +0000 UTC,1012,93,1,0,574,28.873333333333335,19.575238095238095
213,2018-01-09 09:00:00 +0000 UTC,1011,93,4,290,574,28.22666666666667,18.18857142857143
214,2018-01-09 09:00:00 +0000 UTC,1011,93,4,290,574,25.095714285714287,16.11380952380953
215,2018-01-09 10:00:00 +0000 UTC,1012,93,1,320,574,26.74761904761905,17.740476190476194
216,2018-01-09 11:00:00 +0000 UTC,1011,80,1,0,574,26.58571428571428,18.623333333333335
217,2018-01-09 12:00:00 +0000 UTC,1011,86,2,260,574,21.809999999999995,15.880952380952378
218,2018-01-09 13:00:00 +0000 UTC,1012,81,2,280,574,22.85857142857143,17.206666666666667
219,2018-01-09 14:00:00 +0000 UTC,1012,75,1,0,574,21.825714285714284,15.903809523809528
220,2018-01-09 15:00:00 +0000 UTC,1012,75,1,300,574,20.66714285714286,14.656666666666668
221,2018-01-09 16:00:00 +0000 UTC,1012,70,1,220,574,17.741428571428578,12.717142857142855
222,2018-01-09 17:00:00 +0000 UTC,1013,81,0,0,574,19.274285714285718,13.629047619047618
223,2018-01-09 18:00:00 +0000 UTC,1013,75,2,210,574,21.681904761904764,15.421904761904765
224,2018-01-09 19:00:00 +0000 UTC,1014,80,3,180,574,21.35333333333333,15.021904761904764
225,2018-01-09 20:00:00 +0000 UTC,1014,80,1,190,574,23.70904761904762,16.437619047619044
226,2018-01-09 21:00:00 +0000 UTC,1014,86,0,0,574,22.209523809523812,15.375714285714285
227,2018-01-09 22:00:00 +0000 UTC,1014,86,1,100,574,14.453333333333335,10.406190476190474
228,2018-01-09 23:00:00 +0000 UTC,1014,86,1,130,574,13.181904761904761,9.146190476190474
229,2018-01-10 00:00:00 +0000 UTC,1014,100,1,360,574,14.091904761904763,10.06285714285714
230,2018-01-10 01:00:00 +0000 UTC,1014,93,1,0,574,18.598571428571432,13.575714285714284
231,2018-01-10 01:00:00 +0000 UTC,1014,93,1,0,574,18.017142857142858,13.491904761904761
232,2018-01-10 02:00:00 +0000 UTC,1014,85,1,351,574,18.60095238095238,13.099047619047619
233,2018-01-10 03:00:00 +0000 UTC,1014,92,1,351,574,20.260476190476197,13.710952380952378
234,2018-01-10 03:00:00 +0000 UTC,1014,92,1,351,574,20.959523809523812,14.303333333333331
235,2018-01-10 04:00:00 +0000 UTC,1014,100,0,0,574,24.02619047619048,15.709047619047615
236,2018-01-10 04:00:00 +0000 UTC,1014,100,0,0,574,25.87190476190476,16.92047619047619
237,2018-01-10 05:00:00 +0000 UTC,1014,88,3,140,574,22.959523809523805,15.165714285714287
238,2018-01-10 06:00:00 +0000 UTC,1014,100,1,10,574,23.162380952380953,14.83047619047619
239,2018-01-10 06:00:00 +0000 UTC,1014,100,1,10,574,23.942857142857143,16.15904761904762
240,2018-01-10 07:00:00 +0000 UTC,1014,100,1,340,574,25.576666666666668,17.347142857142856
241,2018-01-10 07:00:00 +0000 UTC,1014,100,1,340,574,26.115238095238094,16.415714285714287
242,2018-01-10 08:00:00 +0000 UTC,1014,100,2,320,574,33.47523809523809,18.5404761904762
243,2018-01-10 08:00:00 +0000 UTC,1014,100,2,320,574,25.18238095238095,15.421904761904763
244,2018-01-10 09:00:00 +0000 UTC,1014,100,2,310,574,23.166190476190476,14.889523809523812
245,2018-01-10 09:00:00 +0000 UTC,1014,100,2,310,574,18.264761904761908,12.775714285714287
246,2018-01-10 10:00:00 +0000 UTC,1014,85,1,0,574,18.37095238095238,12.938095238095238
247,2018-01-10 11:00:00 +0000 UTC,1013,100,1,0,574,21.203333333333337,14.99
248,2018-01-10 11:00:00 +0000 UTC,1013,100,1,0,574,22.157619047619043,15.523809523809524
249,2018-01-10 12:00:00 +0000 UTC,1013,100,1,340,574,19.959047619047617,14.437142857142858
250,2018-01-10 13:00:00 +0000 UTC,1012,100,1,0,574,13.955238095238096,10.290476190476191
251,2018-01-10 14:00:00 +0000 UTC,1012,93,1,0,574,10.638571428571428,7.833333333333333
252,2018-01-10 14:00:00 +0000 UTC,1012,93,1,0,574,10.00190476190476,7.42
253,2018-01-10 15:00:00 +0000 UTC,1012,93,1,60,574,10.896666666666667,7.996190476190476
254,2018-01-10 16:00:00 +0000 UTC,1012,86,1,130,574,10.496666666666664,7.962857142857144
255,2018-01-10 17:00:00 +0000 UTC,1012,80,2,140,574,17.520952380952377,12.825238095238097
256,2018-01-10 18:00:00 +0000 UTC,1012,86,1,0,574,18.499523809523808,13.58047619047619
257,2018-01-10 19:00:00 +0000 UTC,1012,86,2,160,574,17.86142857142857,13.518571428571429
258,2018-01-10 20:00:00 +0000 UTC,1012,86,1,0,574,19.048095238095236,13.951904761904762
259,2018-01-10 21:00:00 +0000 UTC,1012,86,2,150,574,21.43619047619048,15.872380952380952
260,2018-01-10 22:00:00 +0000 UTC,1012,93,1,160,574,23.56142857142857,17.25809523809524
261,2018-01-10 23:00:00 +0000 UTC,1012,86,1,140,574,23.38190476190476,16.979523809523812
262,2018-01-11 00:00:00 +0000 UTC,1012,93,0,0,574,24.151904761904763,17.03095238095238
263,2018-01-11 01:00:00 +0000 UTC,1012,93,1,0,574,28.186190476190475,19.898571428571433
264,2018-01-11 02:00:00 +0000 UTC,1012,100,2,290,574,26.353333333333335,18.929523809523808
265,2018-01-11 02:00:00 +0000 UTC,1012,100,2,290,574,25.635714285714286,18.070476190476192
266,2018-01-11 03:00:00 +0000 UTC,1012,100,1,300,574,28.746190476190474,20.12238095238095
267,2018-01-11 03:00:00 +0000 UTC,1012,100,1,300,574,31.244761904761898,21.476190476190478
268,2018-01-11 04:00:00 +0000 UTC,1012,93,2,310,574,32.54142857142857,22.32619047619048
269,2018-01-11 04:00:00 +0000 UTC,1012,93,2,310,574,30.310952380952386,20.88857142857143
270,2018-01-11 05:00:00 +0000 UTC,1012,93,1,300,574,25.487142857142857,18.773809523809526
271,2018-01-11 06:00:00 +0000 UTC,1012,93,1,300,574,23.26238095238095,17.678571428571427
272,2018-01-11 07:00:00 +0000 UTC,1013,93,0,0,574,23.27047619047619,18.381904761904764
273,2018-01-11 08:00:00 +0000 UTC,1013,93,1,15,574,27.86476190476191,21.189047619047614
274,2018-01-11 08:00:00 +0000 UTC,1013,93,1,15,574,29.770476190476195,22.119999999999997
275,2018-01-11 09:00:00 +0000 UTC,1014,100,1,320,574,26.159523809523805,19.908095238095232
276,2018-01-11 10:00:00 +0000 UTC,1014,93,1,0,574,26.43857142857143,20.40047619047619
277,2018-01-11 11:00:00 +0000 UTC,1014,86,1,300,574,29.921428571428567,22.117619047619048
278,2018-01-11 12:00:00 +0000 UTC,1014,86,2,290,574,26.451428571428572,19.539047619047622
279,2018-01-11 13:00:00 +0000 UTC,1014,75,1,0,574,28.040952380952383,20.506190476190472
280,2018-01-11 14:00:00 +0000 UTC,1015,70,1,0,574,31.530952380952375,22.294761904761906
281,2018-01-11 15:00:00 +0000 UTC,1015,75,0,0,574,31.856666666666666,23.11476190476191
282,2018-01-11 16:00:00 +0000 UTC,1016,70,0,0,574,33.042857142857144,23.86619047619047
283,2018-01-11 17:00:00 +0000 UTC,1016,75,0,60,574,35.49142857142857,25.520952380952384
284,2018-01-11 18:00:00 +0000 UTC,1017,80,0,0,574,34.09809523809524,24.548095238095232
285,2018-01-11 19:00:00 +0000 UTC,1017,86,2,320,574,32.98619047619048,23.198571428571434
286,2018-01-11 20:00:00 +0000 UTC,1018,86,1,0,574,33.289047619047615,23.47380952380952
287,2018-01-11 21:00:00 +0000 UTC,1018,86,1,330,574,31.405714285714286,21.738095238095244
288,2018-01-11 21:00:00 +0000 UTC,1018,86,1,330,574,36.69190476190477,25.38428571428571
289,2018-01-11 22:00:00 +0000 UTC,1019,93,1,310,574,35.656190476190474,23.57666666666666
290,2018-01-11 23:00:00 +0000 UTC,1019,93,1,0,574,35.14523809523809,23.02
291,2018-01-12 00:00:00 +0000 UTC,1019,93,1,300,574,36.26666666666666,23.345238095238095
292,2018-01-12 01:00:00 +0000 UTC,1019,93,1,343,574,38.49857142857143,22.826666666666668
293,2018-01-12 02:00:00 +0000 UTC,1020,86,2,350,574,37.478095238095236,20.72952380952381
294,2018-01-12 02:00:00 +0000 UTC,1020,86,2,350,574,39.45809523809525,20.98333333333333
295,2018-01-12 03:00:00 +0000 UTC,1021,86,1,0,574,41.022380952380956,20.860952380952384
296,2018-01-12 03:00:00 +0000 UTC,1021,86,1,0,574,39.54761904761905,19.90047619047619
297,2018-01-12 04:00:00 +0000 UTC,1021,80,2,50,574,35.71999999999999,18.306666666666665
298,2018-01-12 05:00:00 +0000 UTC,1021,80,2,40,574,26.615238095238098,14.359047619047617
299,2018-01-12 06:00:00 +0000 UTC,1021,86,3,50,574,26.423809523809524,13.992380952380957
300,2018-01-12 07:00:00 +0000 UTC,1022,86,2,60,574,27.735714285714284,14.684761904761904
301,2018-01-12 08:00:00 +0000 UTC,1022,86,2,60,574,26.306190476190473,15.14190476190476
302,2018-01-12 09:00:00 +0000 UTC,1023,86,2,10,574,23.496190476190478,14.17047619047619
303,2018-01-12 10:00:00 +0000 UTC,1023,86,2,50,574,21.690952380952382,12.72142857142857
304,2018-01-12 11:00:00 +0000 UTC,1023,100,1,0,574,21.356666666666673,12.916666666666666
305,2018-01-12 12:00:00 +0000 UTC,1023,86,2,360,574,20.591904761904765,12.146190476190478
306,2018-01-12 13:00:00 +0000 UTC,1023,86,2,350,574,20.431904761904764,12.782857142857145
307,2018-01-12 14:00:00 +0000 UTC,1023,98,2,20,574,21.428095238095246,13.541904761904762
308,2018-01-12 15:00:00 +0000 UTC,1023,98,2,10,574,20.77952380952381,12.80857142857143
309,2018-01-12 16:00:00 +0000 UTC,1024,98,2,10,574,21.986666666666665,14.039047619047619
310,2018-01-12 17:00:00 +0000 UTC,1024,100,2,10,574,22.711428571428574,14.538095238095238
311,2018-01-12 18:00:00 +0000 UTC,1024,100,2,10,574,21.413809523809523,13.643333333333336
312,2018-01-12 19:00:00 +0000 UTC,1024,100,2,10,574,22.819523809523805,14.482857142857146
313,2018-01-12 19:00:00 +0000 UTC,1024,100,2,10,574,24.140000000000004,15.358095238095235
314,2018-01-12 20:00:00 +0000 UTC,1024,98,3,10,574,25.26809523809524,15.972380952380949
315,2018-01-12 20:00:00 +0000 UTC,1024,98,3,10,574,24.354761904761904,15.848095238095238
316,2018-01-12 21:00:00 +0000 UTC,1024,98,3,30,574,25.39857142857143,15.882380952380949
317,2018-01-12 21:00:00 +0000 UTC,1024,98,3,30,574,27.121904761904766,17.22904761904762
318,2018-01-12 22:00:00 +0000 UTC,1024,98,3,20,574,27.82,16.913809523809523
319,2018-01-12 23:00:00 +0000 UTC,1023,93,1,16,574,25.356190476190484,16.163333333333334
320,2018-01-13 00:00:00 +0000 UTC,1024,86,2,290,574,25.968571428571426,16.40904761904762
321,2018-01-13 01:00:00 +0000 UTC,1023,93,1,190,574,24.901428571428575,15.650476190476194
322,2018-01-13 02:00:00 +0000 UTC,1023,86,0,0,574,23.739999999999995,14.586666666666666
323,2018-01-13 03:00:00 +0000 UTC,1024,98,2,10,574,22.852380952380948,14.281904761904762
324,2018-01-13 04:00:00 +0000 UTC,1023,74,1,0,574,21.352857142857143,13.690000000000003
325,2018-01-13 05:00:00 +0000 UTC,1023,74,1,40,574,19.987142857142853,13.19190476190476
326,2018-01-13 06:00:00 +0000 UTC,1023,74,3,70,574,19.84238095238095,13.146190476190476
327,2018-01-13 07:00:00 +0000 UTC,1023,74,1,0,574,19.791904761904767,13.160476190476194
328,2018-01-13 08:00:00 +0000 UTC,1023,74,2,70,574,18.469523809523807,12.586666666666666
329,2018-01-13 09:00:00 +0000 UTC,1022,74,3,60,574,18.91,12.711904761904764
330,2018-01-13 10:00:00 +0000 UTC,1022,74,4,50,574,21.513809523809524,14.210476190476191
331,2018-01-13 11:00:00 +0000 UTC,1022,69,5,50,574,24.581904761904763,15.473809523809523
332,2018-01-13 12:00:00 +0000 UTC,1022,64,3,50,574,26.54619047619048,16.504761904761907
333,2018-01-13 13:00:00 +0000 UTC,1022,64,2,20,574,29.991428571428575,17.750476190476192
334,2018-01-13 14:00:00 +0000 UTC,1021,64,1,80,574,32.819523809523815,19.85285714285714
335,2018-01-13 15:00:00 +0000 UTC,1021,64,1,60,574,31.901428571428568,19.11857142857143
336,2018-01-13 16:00:00 +0000 UTC,1021,64,3,30,574,30.08904761904762,17.45904761904762
337,2018-01-13 17:00:00 +0000 UTC,1021,69,2,30,574,30.98619047619048,17.581904761904763
338,2018-01-13 18:00:00 +0000 UTC,1021,74,1,0,574,31.97095238095238,17.812857142857144
339,2018-01-13 19:00:00 +0000 UTC,1020,87,1,0,574,29.845238095238102,17.346190476190475
340,2018-01-13 20:00:00 +0000 UTC,1020,74,1,350,574,28.86238095238095,17.09714285714286
341,2018-01-13 21:00:00 +0000 UTC,1020,86,1,0,574,29.22142857142857,17.628571428571426
342,2018-01-13 22:00:00 +0000 UTC,1020,86,1,0,574,30.885714285714283,18.41619047619048
343,2018-01-13 23:00:00 +0000 UTC,1020,86,0,0,574,32.84142857142857,18.916190476190472
344,2018-01-14 00:00:00 +0000 UTC,1020,92,1,340,574,34.31761904761904,18.875238095238092
345,2018-01-14 01:00:00 +0000 UTC,1019,89,1,270,574,35.31380952380952,20.40047619047619
346,2018-01-14 02:00:00 +0000 UTC,1019,86,0,248,574,41.62476190476191,23.468095238095238
347,2018-01-14 03:00:00 +0000 UTC,1019,92,0,248,574,49.27619047619047,25.489047619047618
348,2018-01-14 04:00:00 +0000 UTC,1019,92,0,350,574,44.08666666666667,23.56952380952381
349,2018-01-14 04:00:00 +0000 UTC,1019,92,0,350,574,46.58761904761905,24.358571428571427
350,2018-01-14 05:00:00 +0000 UTC,1019,85,1,0,574,43.66190476190476,23.404761904761905
351,2018-01-14 06:00:00 +0000 UTC,1020,100,1,68,574,34.23809523809524,18.835714285714285
352,2018-01-14 06:00:00 +0000 UTC,1020,100,1,68,574,35.154761904761905,19.501428571428573
353,2018-01-14 07:00:00 +0000 UTC,1020,100,1,120,574,35.328095238095244,19.979047619047623
354,2018-01-14 08:00:00 +0000 UTC,1020,92,1,0,574,35.46714285714286,20.373333333333328
355,2018-01-14 09:00:00 +0000 UTC,1021,92,1,150,574,33.55428571428571,19.01095238095238
356,2018-01-14 10:00:00 +0000 UTC,1021,92,1,310,574,31.74666666666666,17.76333333333333
357,2018-01-14 11:00:00 +0000 UTC,1021,92,1,0,574,30.632380952380945,17.09047619047619
358,2018-01-14 12:00:00 +0000 UTC,1020,100,2,280,574,31.945238095238096,18.11238095238095
359,2018-01-14 13:00:00 +0000 UTC,1020,74,2,360,574,33.26428571428572,18.85761904761905
360,2018-01-14 14:00:00 +0000 UTC,1020,80,2,50,574,34.655714285714296,20.060476190476194
361,2018-01-14 15:00:00 +0000 UTC,1020,74,1,0,574,36.53142857142858,20.016190476190474
362,2018-01-14 16:00:00 +0000 UTC,1021,74,1,50,574,42.53714285714286,23.59380952380953
363,2018-01-14 17:00:00 +0000 UTC,1021,80,0,0,574,39.4552380952381,21.783809523809524
364,2018-01-14 18:00:00 +0000 UTC,1021,80,1,120,574,42.320952380952384,23.746666666666666
365,2018-01-14 19:00:00 +0000 UTC,1022,80,1,0,574,42.71,24.90047619047619
366,2018-01-14 20:00:00 +0000 UTC,1022,80,2,130,574,42.717619047619046,23.895238095238092
367,2018-01-14 21:00:00 +0000 UTC,1022,80,2,120,574,41.75476190476191,24.00904761904762
368,2018-01-14 22:00:00 +0000 UTC,1022,87,2,120,574,39.981428571428566,21.968571428571433
369,2018-01-14 23:00:00 +0000 UTC,1022,96,1,0,574,41.2052380952381,22.395714285714288
370,2018-01-15 00:00:00 +0000 UTC,1022,96,1,0,574,42.73333333333333,23.18714285714286
371,2018-01-15 01:00:00 +0000 UTC,1022,86,2,230,574,41.96190476190476,22.903333333333336
372,2018-01-15 02:00:00 +0000 UTC,1022,100,3,230,574,42.21142857142858,22.916190476190472
373,2018-01-15 03:00:00 +0000 UTC,1022,100,2,210,574,39.17619047619047,21.813809523809525
374,2018-01-15 04:00:00 +0000 UTC,1022,86,3,190,574,34.73809523809524,19.106666666666666
375,2018-01-15 05:00:00 +0000 UTC,1021,86,2,210,574,38.65142857142856,20.148095238095237
376,2018-01-15 06:00:00 +0000 UTC,1021,86,2,200,574,38.15428571428572,20.84380952380953
377,2018-01-15 07:00:00 +0000 UTC,1021,86,2,220,574,34.769047619047626,21.09666666666667
378,2018-01-15 08:00:00 +0000 UTC,1021,92,2,220,574,28.83428571428572,18.58380952380952
379,2018-01-15 09:00:00 +0000 UTC,1020,86,1,200,574,27.16761904761905,17.85380952380952
380,2018-01-15 10:00:00 +0000 UTC,1020,89,2,240,574,22.019523809523815,14.602857142857143
381,2018-01-15 11:00:00 +0000 UTC,1020,80,1,0,574,20.666190476190472,13.098095238095235
382,2018-01-15 12:00:00 +0000 UTC,1018,69,1,0,574,22.13380952380952,14.784761904761902
383,2018-01-15 13:00:00 +0000 UTC,1017,69,2,190,574,17.971428571428575,11.232857142857146
384,2018-01-15 14:00:00 +0000 UTC,1016,64,2,180,574,18.12666666666666,11.31
385,2018-01-15 15:00:00 +0000 UTC,1015,60,3,190,574,17.37238095238095,11.292380952380954
386,2018-01-15 16:00:00 +0000 UTC,1013,64,3,190,574,19.232857142857146,12.233809523809525
387,2018-01-15 17:00:00 +0000 UTC,1011,74,2,160,574,18.3052380952381,11.778095238095236
388,2018-01-15 18:00:00 +0000 UTC,1011,69,1,0,574,15.015714285714287,9.472380952380952
389,2018-01-15 19:00:00 +0000 UTC,1010,69,1,170,574,18.34190476190476,11.648095238095237
390,2018-01-15 20:00:00 +0000 UTC,1009,99,2,190,574,10.954285714285714,7.489999999999999
391,2018-01-15 21:00:00 +0000 UTC,1009,80,6,200,574,6.989999999999999,5.133333333333334
392,2018-01-15 22:00:00 +0000 UTC,1008,86,4,180,574,5.345714285714286,3.9085714285714284
393,2018-01-15 23:00:00 +0000 UTC,1007,80,4,160,574,3.627142857142858,2.8895238095238094
394,2018-01-16 00:00:00 +0000 UTC,1007,75,3,200,574,1.3795238095238094,1.0395238095238095
395,2018-01-16 01:00:00 +0000 UTC,1006,74,2,80,574,0.7652380952380953,0.5842857142857143
396,2018-01-16 02:00:00 +0000 UTC,1005,70,8,240,574,0.7195238095238095,0.4333333333333334
397,2018-01-16 03:00:00 +0000 UTC,1005,75,9,240,574,0.530952380952381,0.37619047619047624
398,2018-01-16 04:00:00 +0000 UTC,1004,75,9,240,574,0.6042857142857144,0.3128571428571427
399,2018-01-16 04:00:00 +0000 UTC,1004,75,9,240,574,0.4428571428571429,0.2866666666666666
400,2018-01-16 05:00:00 +0000 UTC,1004,75,8,230,574,0.6261904761904762,0.29571428571428565
401,2018-01-16 06:00:00 +0000 UTC,1003,75,9,240,574,0.7100000000000002,0.42761904761904757
402,2018-01-16 07:00:00 +0000 UTC,1003,75,9,240,574,1.201904761904762,0.463809523809524
403,2018-01-16 08:00:00 +0000 UTC,1003,75,9,240,574,0.9371428571428569,0.5357142857142857
404,2018-01-16 09:00:00 +0000 UTC,1003,75,10,240,574,1.755714285714286,1.1476190476190475
405,2018-01-16 10:00:00 +0000 UTC,1003,70,12,240,574,1.0176190476190476,0.48857142857142866
406,2018-01-16 11:00:00 +0000 UTC,1003,81,10,240,574,1.5861904761904764,0.7033333333333331
407,2018-01-16 12:00:00 +0000 UTC,1002,87,8,250,574,1.4595238095238097,0.8642857142857144
408,2018-01-16 13:00:00 +0000 UTC,1002,81,10,240,574,0.9419047619047618,0.5752380952380953
409,2018-01-16 14:00:00 +0000 UTC,1001,70,9,240,574,0.7176190476190476,0.35666666666666663
410,2018-01-16 15:00:00 +0000 UTC,1002,75,11,280,574,1.7176190476190474,0.6304761904761905
411,2018-01-16 16:00:00 +0000 UTC,1003,87,7,280,574,1.9038095238095236,0.6595238095238096
412,2018-01-16 17:00:00 +0000 UTC,1003,81,7,250,574,2.1442857142857137,1.1157142857142857
413,2018-01-16 18:00:00 +0000 UTC,1003,86,7,280,574,2.2614285714285716,1.167142857142857
414,2018-01-16 19:00:00 +0000 UTC,1002,86,3,230,574,1.5128571428571433,0.5457142857142857
415,2018-01-16 20:00:00 +0000 UTC,1001,81,7,240,574,2.0428571428571427,1.1019047619047622
416,2018-01-16 21:00:00 +0000 UTC,1002,75,8,250,574,1.7414285714285715,0.7157142857142856
417,2018-01-16 22:00:00 +0000 UTC,1002,86,5,260,574,2.3633333333333333,0.7828571428571429
418,2018-01-16 23:00:00 +0000 UTC,1002,86,7,300,574,3.2580952380952377,1.038095238095238
419,2018-01-17 00:00:00 +0000 UTC,1001,86,2,230,574,2.3838095238095236,0.8238095238095237
420,2018-01-17 01:00:00 +0000 UTC,1001,65,10,240,574,1.8061904761904766,0.6966666666666667
421,2018-01-17 01:00:00 +0000 UTC,1001,65,10,240,574,1.4595238095238092,0.6142857142857144
422,2018-01-17 02:00:00 +0000 UTC,1000,86,6,240,574,1.4233333333333336,0.5757142857142857
423,2018-01-17 03:00:00 +0000 UTC,1000,86,4,240,574,2.031904761904762,0.5909523809523809
424,2018-01-17 04:00:00 +0000 UTC,1001,97,5,250,574,0.8590476190476192,0.4080952380952381
425,2018-01-17 05:00:00 +0000 UTC,1002,97,7,260,574,1.6980952380952379,0.5357142857142856
426,2018-01-17 06:00:00 +0000 UTC,1002,69,9,260,574,0.5790476190476191,0.2590476190476191
427,2018-01-17 07:00:00 +0000 UTC,1003,69,8,260,574,1.2757142857142858,0.4266666666666667
428,2018-01-17 08:00:00 +0000 UTC,1005,69,9,250,574,1.2290476190476187,0.4619047619047619
429,2018-01-17 09:00:00 +0000 UTC,1005,64,9,260,574,1.2957142857142856,0.5547619047619047
430,2018-01-17 09:00:00 +0000 UTC,1005,64,9,260,574,1.4257142857142857,0.7261904761904763
431,2018-01-17 10:00:00 +0000 UTC,1007,80,8,250,574,1.6742857142857142,0.6071428571428571
432,2018-01-17 10:00:00 +0000 UTC,1007,80,8,250,574,1.89,0.7095238095238097
433,2018-01-17 11:00:00 +0000 UTC,1008,86,6,260,574,2.323809523809524,0.7623809523809525
434,2018-01-17 11:00:00 +0000 UTC,1008,86,6,260,574,2.5042857142857144,0.7033333333333333
435,2018-01-17 12:00:00 +0000 UTC,1009,94,8,260,574,2.9642857142857144,1.0104761904761905
436,2018-01-17 13:00:00 +0000 UTC,1010,86,6,270,574,1.5257142857142856,0.800952380952381
437,2018-01-17 13:00:00 +0000 UTC,1010,86,6,270,574,2.2523809523809524,0.965714285714286
438,2018-01-17 14:00:00 +0000 UTC,1011,64,8,270,574,2.4942857142857138,0.8933333333333334
439,2018-01-17 15:00:00 +0000 UTC,1012,64,5,270,574,3.2404761904761905,1.4614285714285715
440,2018-01-17 15:00:00 +0000 UTC,1012,64,5,270,574,2.8461904761904755,1.2119047619047618
441,2018-01-17 16:00:00 +0000 UTC,1013,64,6,240,574,3.1666666666666665,1.250952380952381
442,2018-01-17 17:00:00 +0000 UTC,1013,59,6,260,574,5.2057142857142855,1.6223809523809525
443,2018-01-17 17:00:00 +0000 UTC,1013,59,6,260,574,4.26,1.3933333333333333
444,2018-01-17 18:00:00 +0000 UTC,1014,91,8,260,574,4.393809523809524,1.3233333333333337
445,2018-01-17 19:00:00 +0000 UTC,1015,86,1,240,574,3.8819047619047624,1.2614285714285713
446,2018-01-17 19:00:00 +0000 UTC,1015,86,1,240,574,3.4571428571428577,1.1519047619047622
447,2018-01-17 20:00:00 +0000 UTC,1016,74,3,230,574,3.508571428571428,1.2242857142857142
448,2018-01-17 21:00:00 +0000 UTC,1016,69,5,230,574,3.794285714285714,1.2061904761904763
449,2018-01-17 22:00:00 +0000 UTC,1016,74,4,210,574,4.320952380952381,1.3933333333333333
450,2018-01-17 22:00:00 +0000 UTC,1016,74,4,210,574,4.018095238095238,1.2828571428571427
451,2018-01-17 23:00:00 +0000 UTC,1016,64,4,220,574,4.907619047619047,1.3328571428571432
452,2018-01-18 00:00:00 +0000 UTC,1017,80,5,220,574,3.689047619047619,1.3214285714285712
453,2018-01-18 00:00:00 +0000 UTC,1017,80,5,220,574,3.816666666666667,1.0342857142857143
454,2018-01-18 01:00:00 +0000 UTC,1017,60,6,260,574,1.8838095238095238,0.7414285714285713
455,2018-01-18 01:00:00 +0000 UTC,1017,60,6,260,574,2.3004761904761906,0.6247619047619046
456,2018-01-18 02:00:00 +0000 UTC,1016,74,6,230,574,1.2280952380952381,0.61
457,2018-01-18 03:00:00 +0000 UTC,1016,98,6,230,574,1.2904761904761908,0.5161904761904761
458,2018-01-18 04:00:00 +0000 UTC,1014,98,6,220,574,1.9314285714285713,0.9971428571428569
459,2018-01-18 05:00:00 +0000 UTC,1014,96,6,230,574,1.1752380952380954,0.6957142857142856
460,2018-01-18 06:00:00 +0000 UTC,1013,96,6,220,574,1.496190476190476,0.8585714285714287
461,2018-01-18 06:00:00 +0000 UTC,1013,96,6,220,574,1.3147619047619048,0.5614285714285716
462,2018-01-18 07:00:00 +0000 UTC,1012,96,5,210,574,1.5704761904761904,0.8433333333333332
463,2018-01-18 08:00:00 +0000 UTC,1011,89,6,220,574,1.1985714285714284,0.6685714285714286
464,2018-01-18 09:00:00 +0000 UTC,1011,94,7,230,574,1.418095238095238,0.6638095238095238
465,2018-01-18 09:00:00 +0000 UTC,1011,94,7,230,574,0.9571428571428572,0.49761904761904757
466,2018-01-18 10:00:00 +0000 UTC,1011,86,7,240,574,0.7871428571428571,0.4447619047619049
467,2018-01-18 11:00:00 +0000 UTC,1011,80,9,230,574,0.8252380952380953,0.5395238095238096
468,2018-01-18 11:00:00 +0000 UTC,1011,80,9,230,574,1.0371428571428571,0.5823809523809524
469,2018-01-18 12:00:00 +0000 UTC,1011,75,7,220,574,1.3733333333333333,0.6914285714285714
470,2018-01-18 13:00:00 +0000 UTC,1010,80,8,230,574,1.1157142857142857,0.5161904761904762
471,2018-01-18 14:00:00 +0000 UTC,1009,75,11,230,574,0.6538095238095236,0.45428571428571435
472,2018-01-18 14:00:00 +0000 UTC,1009,75,11,230,574,1.571904761904762,0.9090476190476192
473,2018-01-18 15:00:00 +0000 UTC,1008,70,10,230,574,1.1471428571428572,0.7042857142857143
474,2018-01-18 16:00:00 +0000 UTC,1008,75,10,240,574,0.857142857142857,0.5376190476190477
475,2018-01-18 17:00:00 +0000 UTC,1007,70,9,230,574,0.8971428571428571,0.6466666666666666
476,2018-01-18 18:00:00 +0000 UTC,1008,75,12,240,574,1.5019047619047623,1.2966666666666664
477,2018-01-18 19:00:00 +0000 UTC,1007,70,10,230,574,1.4728571428571429,1.1685714285714284
478,2018-01-18 20:00:00 +0000 UTC,1007,75,10,240,574,0.9223809523809524,0.6942857142857143
479,2018-01-18 21:00:00 +0000 UTC,1007,81,10,240,574,0.9495238095238095,0.3866666666666667
480,2018-01-18 22:00:00 +0000 UTC,1007,87,7,250,574,1.3480952380952382,0.5895238095238095
481,2018-01-18 23:00:00 +0000 UTC,1007,87,7,270,574,1.6333333333333335,0.72
482,2018-01-19 00:00:00 +0000 UTC,1007,81,8,260,574,1.6114285714285712,0.5057142857142858
483,2018-01-19 01:00:00 +0000 UTC,1006,46,8,240,574,0.9371428571428573,0.3552380952380953
484,2018-01-19 02:00:00 +0000 UTC,1009,81,8,270,574,1.186190476190476,0.4357142857142857
485,2018-01-19 03:00:00 +0000 UTC,1009,81,5,240,574,2.793333333333333,0.8957142857142857
486,2018-01-19 04:00:00 +0000 UTC,1008,81,5,240,574,2.1514285714285712,0.9942857142857142
487,2018-01-19 05:00:00 +0000 UTC,1009,86,5,250,574,3.0766666666666667,1.1285714285714283
488,2018-01-19 06:00:00 +0000 UTC,1010,86,7,280,574,2.979047619047619,1.2623809523809524
489,2018-01-19 07:00:00 +0000 UTC,1011,80,6,250,574,1.949523809523809,0.8685714285714287
490,2018-01-19 08:00:00 +0000 UTC,1012,86,5,250,574,2.802857142857143,1.3338095238095236
491,2018-01-19 09:00:00 +0000 UTC,1013,100,4,260,574,3.621904761904762,1.6271428571428572
492,2018-01-19 10:00:00 +0000 UTC,1014,100,5,250,574,3.208571428571428,1.1485714285714284
493,2018-01-19 10:00:00 +0000 UTC,1014,100,5,250,574,3.4414285714285713,1.052857142857143
494,2018-01-19 11:00:00 +0000 UTC,1014,80,7,290,574,2.7304761904761907,1.0471428571428572
495,2018-01-19 12:00:00 +0000 UTC,1014,100,5,270,574,3.415238095238096,1.304285714285714
496,2018-01-19 13:00:00 +0000 UTC,1013,60,4,260,574,2.3485714285714288,1.128095238095238
497,2018-01-19 14:00:00 +0000 UTC,1012,97,4,280,574,2.9090476190476187,1.1152380952380951
498,2018-01-19 15:00:00 +0000 UTC,1012,97,3,270,574,4.870952380952382,2.3657142857142857
499,2018-01-19 16:00:00 +0000 UTC,1013,80,0,0,574,3.0047619047619047,1.352857142857143
500,2018-01-19 17:00:00 +0000 UTC,1012,80,1,230,574,2.4442857142857144,1.0495238095238097
501,2018-01-19 18:00:00 +0000 UTC,1012,74,1,300,574,3.046666666666667,1.431904761904762
502,2018-01-19 19:00:00 +0000 UTC,1013,80,4,60,574,2.289523809523809,0.9976190476190476
503,2018-01-19 20:00:00 +0000 UTC,1013,99,5,240,574,1.618095238095238,0.9161904761904761
504,2018-01-19 21:00:00 +0000 UTC,1013,80,2,220,574,1.925714285714286,0.852857142857143
505,2018-01-19 22:00:00 +0000 UTC,1014,69,5,250,574,2.146190476190476,1.033809523809524
506,2018-01-19 22:00:00 +0000 UTC,1014,69,5,250,574,1.7780952380952382,0.7552380952380953
507,2018-01-19 23:00:00 +0000 UTC,1015,74,4,240,574,1.5114285714285713,0.9195238095238096
508,2018-01-19 23:00:00 +0000 UTC,1015,74,4,240,574,2.051428571428571,1.0290476190476188
509,2018-01-20 00:00:00 +0000 UTC,1016,99,2,200,574,1.4323809523809525,0.6871428571428572
510,2018-01-20 00:00:00 +0000 UTC,1016,99,2,200,574,1.51,0.6085714285714284
511,2018-01-20 01:00:00 +0000 UTC,1017,99,2,90,574,1.5890476190476193,0.6661904761904761
512,2018-01-20 02:00:00 +0000 UTC,1016,86,4,230,574,1.9728571428571429,0.6447619047619046
513,2018-01-20 03:00:00 +0000 UTC,1016,74,4,220,574,1.7895238095238102,0.7238095238095236
514,2018-01-20 04:00:00 +0000 UTC,1015,74,2,200,574,2.0376190476190477,0.6766666666666667
515,2018-01-20 05:00:00 +0000 UTC,1015,74,2,200,574,1.7500000000000007,0.7409523809523808
516,2018-01-20 06:00:00 +0000 UTC,1014,69,4,220,574,2.0409523809523806,0.9276190476190478
517,2018-01-20 07:00:00 +0000 UTC,1014,69,6,240,574,1.9,0.924761904761905
518,2018-01-20 08:00:00 +0000 UTC,1013,74,5,240,574,1.8004761904761906,0.7895238095238096
519,2018-01-20 09:00:00 +0000 UTC,1013,80,4,230,574,1.9328571428571426,0.9571428571428571
520,2018-01-20 09:00:00 +0000 UTC,1013,80,4,230,574,1.775714285714286,0.9776190476190478
521,2018-01-20 10:00:00 +0000 UTC,1012,74,3,210,574,1.9047619047619044,0.9757142857142858
522,2018-01-20 11:00:00 +0000 UTC,1011,86,2,220,574,1.856190476190476,1.153809523809524
523,2018-01-20 12:00:00 +0000 UTC,1009,65,4,220,574,2.9095238095238094,1.5538095238095235
524,2018-01-20 13:00:00 +0000 UTC,1007,60,3,170,574,3.0785714285714283,2.2485714285714287
525,2018-01-20 14:00:00 +0000 UTC,1005,65,3,190,574,4.040476190476191,3.1942857142857144
526,2018-01-20 15:00:00 +0000 UTC,1004,65,0,0,574,2.1185714285714288,1.7823809523809524
527,2018-01-20 16:00:00 +0000 UTC,1002,97,4,200,574,2.5023809523809524,1.5033333333333334
528,2018-01-20 17:00:00 +0000 UTC,1001,86,5,200,574,6.748571428571427,3.5185714285714287
529,2018-01-20 18:00:00 +0000 UTC,1000,99,6,200,574,7.224285714285716,3.88952380952381
530,2018-01-20 19:00:00 +0000 UTC,999,86,11,230,574,7.5285714285714285,4.158571428571429
531,2018-01-20 20:00:00 +0000 UTC,1000,80,10,240,574,7.06047619047619,3.7461904761904763
532,2018-01-20 21:00:00 +0000 UTC,1000,86,9,240,574,7.413333333333335,3.650952380952381
533,2018-01-20 21:00:00 +0000 UTC,1000,86,9,240,574,7.067142857142857,3.4195238095238087
534,2018-01-20 22:00:00 +0000 UTC,1000,93,8,290,574,6.31047619047619,3.3652380952380945
535,2018-01-20 23:00:00 +0000 UTC,1000,87,5,240,574,6.087142857142857,3.2261904761904754
536,2018-01-21 00:00:00 +0000 UTC,1000,87,4,250,574,7.159523809523809,3.8885714285714283
537,2018-01-21 01:00:00 +0000 UTC,1003,66,6,0,574,7.310952380952381,4.187619047619048
538,2018-01-21 02:00:00 +0000 UTC,1003,87,4,260,574,6.179999999999999,3.5819047619047617
539,2018-01-21 03:00:00 +0000 UTC,1004,87,4,280,574,7.510000000000001,4.607142857142857
540,2018-01-21 04:00:00 +0000 UTC,1007,87,3,300,574,10.24047619047619,6.13952380952381
541,2018-01-21 05:00:00 +0000 UTC,1007,86,3,270,574,10.718571428571428,7.23285714285714
542,2018-01-21 06:00:00 +0000 UTC,1009,80,3,260,574,12.904761904761905,9.140476190476193
543,2018-01-21 07:00:00 +0000 UTC,1010,80,2,290,574,16.231428571428573,12.72857142857143
544,2018-01-21 09:00:00 +0000 UTC,1013,80,4,290,574,16.337142857142858,13.277142857142858
545,2018-01-21 10:00:00 +0000 UTC,1015,96,4,350,574,12.065714285714286,10.432380952380953
546,2018-01-21 11:00:00 +0000 UTC,1016,74,3,340,574,10.684761904761906,9.597142857142858
547,2018-01-21 12:00:00 +0000 UTC,1017,74,2,0,574,8.660952380952379,7.7528571428571444
548,2018-01-21 12:00:00 +0000 UTC,1017,74,2,0,574,7.206190476190477,6.133333333333334
549,2018-01-21 13:00:00 +0000 UTC,1017,69,1,0,574,7.464761904761905,6.75
550,2018-01-21 14:00:00 +0000 UTC,1017,69,1,0,574,9.131428571428572,7.657142857142859
551,2018-01-21 15:00:00 +0000 UTC,1018,86,1,150,574,6.366190476190475,5.857142857142857
552,2018-01-21 15:00:00 +0000 UTC,1018,86,1,150,574,5.279047619047619,4.576666666666666
553,2018-01-21 16:00:00 +0000 UTC,1018,97,1,200,574,4.801428571428571,4.069047619047621
554,2018-01-21 16:00:00 +0000 UTC,1018,97,1,200,574,5.248095238095237,4.377142857142857
555,2018-01-21 17:00:00 +0000 UTC,1018,100,2,130,574,5.21047619047619,4.03952380952381
556,2018-01-21 17:00:00 +0000 UTC,1018,100,2,130,574,4.5442857142857145,3.862857142857143
557,2018-01-21 18:00:00 +0000 UTC,1018,100,2,110,574,3.0942857142857143,2.5861904761904766
558,2018-01-21 18:00:00 +0000 UTC,1018,100,2,110,574,4.193809523809524,3.1328571428571426
559,2018-01-21 19:00:00 +0000 UTC,1018,100,2,130,574,3.5304761904761905,2.671904761904762
560,2018-01-21 19:00:00 +0000 UTC,1018,100,2,130,574,4.343333333333334,3.144761904761905
561,2018-01-21 19:00:00 +0000 UTC,1018,100,2,130,574,4.542857142857142,3.0319047619047614
562,2018-01-21 20:00:00 +0000 UTC,1018,100,3,150,574,4.177619047619047,2.913333333333333
563,2018-01-21 21:00:00 +0000 UTC,1018,100,1,160,574,4.413333333333334,3.2295238095238097
564,2018-01-21 22:00:00 +0000 UTC,1017,100,2,130,574,4.163333333333333,3.0376190476190477
565,2018-01-21 22:00:00 +0000 UTC,1017,100,2,130,574,4.176190476190477,2.8357142857142854
566,2018-01-21 23:00:00 +0000 UTC,1016,100,1,140,574,3.531428571428572,2.237619047619047
567,2018-01-21 23:00:00 +0000 UTC,1016,100,1,140,574,8.431428571428572,5.55095238095238
568,2018-01-21 23:00:00 +0000 UTC,1016,100,1,140,574,4.812857142857143,3.345714285714286
569,2018-01-22 00:00:00 +0000 UTC,1015,100,2,160,574,5.703333333333333,3.889047619047619
570,2018-01-22 00:00:00 +0000 UTC,1015,100,2,160,574,6.044761904761906,4.921428571428571
571,2018-01-22 00:00:00 +0000 UTC,1015,100,2,160,574,7.7004761904761905,5.815238095238095
572,2018-01-22 01:00:00 +0000 UTC,1015,100,0,0,574,5.665238095238097,4.555714285714286
573,2018-01-22 01:00:00 +0000 UTC,1015,100,0,0,574,5.081428571428572,3.8190476190476197
574,2018-01-22 01:00:00 +0000 UTC,1015,100,0,0,574,3.9638095238095237,2.8366666666666664
575,2018-01-22 02:00:00 +0000 UTC,1013,93,2,130,574,4.11047619047619,3.194761904761905
576,2018-01-22 02:00:00 +0000 UTC,1013,93,2,130,574,4.8585714285714285,3.811428571428572
577,2018-01-22 02:00:00 +0000 UTC,1013,93,2,130,574,4.501428571428572,3.4057142857142857
578,2018-01-22 03:00:00 +0000 UTC,1012,93,5,150,574,3.612380952380952,2.7485714285714287
579,2018-01-22 03:00:00 +0000 UTC,1012,93,5,150,574,4.2109523809523814,3.142380952380953
580,2018-01-22 04:00:00 +0000 UTC,1012,93,4,160,574,5.57904761904762,3.873333333333334
581,2018-01-22 04:00:00 +0000 UTC,1012,93,4,160,574,4.30095238095238,2.9361904761904762
582,2018-01-22 05:00:00 +0000 UTC,1012,93,4,170,574,4.333333333333333,3.039047619047619
583,2018-01-22 05:00:00 +0000 UTC,1012,93,4,170,574,3.8095238095238093,2.7157142857142857
584,2018-01-22 05:00:00 +0000 UTC,1012,93,4,170,574,4.32,2.9752380952380952
585,2018-01-22 06:00:00 +0000 UTC,1012,87,6,220,574,7.589047619047619,5.371428571428572
586,2018-01-22 06:00:00 +0000 UTC,1012,87,6,220,574,9.09047619047619,6.722380952380953
587,2018-01-22 06:00:00 +0000 UTC,1012,87,6,220,574,8.358571428571429,7.19142857142857
588,2018-01-22 07:00:00 +0000 UTC,1012,93,4,210,574,10.127142857142857,7.834761904761905
589,2018-01-22 07:00:00 +0000 UTC,1012,93,4,210,574,9.434761904761906,7.227142857142859
590,2018-01-22 07:00:00 +0000 UTC,1012,93,4,210,574,8.075238095238095,6.367619047619048
591,2018-01-22 09:00:00 +0000 UTC,1013,87,5,230,574,6.504285714285713,5.268571428571428
592,2018-01-22 09:00:00 +0000 UTC,1013,87,5,230,574,7.664285714285714,5.582857142857144
593,2018-01-22 10:00:00 +0000 UTC,1013,87,4,270,574,7.5685714285714285,6.072857142857143
594,2018-01-22 11:00:00 +0000 UTC,1013,93,4,230,574,8.883333333333335,6.3742857142857146
595,2018-01-22 12:00:00 +0000 UTC,1012,93,3,190,574,8.865238095238096,6.506666666666666
596,2018-01-22 13:00:00 +0000 UTC,1011,93,3,170,574,9.003809523809522,6.794761904761906
597,2018-01-22 14:00:00 +0000 UTC,1010,93,3,190,574,9.44666666666667,7.542380952380953
598,2018-01-22 15:00:00 +0000 UTC,1010,87,7,230,574,9.585238095238095,7.368571428571429
599,2018-01-22 15:00:00 +0000 UTC,1010,87,7,230,574,8.756666666666668,6.936190476190476
600,2018-01-22 16:00:00 +0000 UTC,1011,81,6,280,574,9.823333333333332,7.752857142857142
601,2018-01-22 17:00:00 +0000 UTC,1012,81,6,230,574,7.595714285714285,6.160000000000001
602,2018-01-22 18:00:00 +0000 UTC,1012,81,6,230,574,8.996190476190472,7.060476190476191
603,2018-01-22 19:00:00 +0000 UTC,1013,87,4,250,574,9.807619047619047,8.020476190476192
604,2018-01-22 20:00:00 +0000 UTC,1015,81,7,290,574,9.901428571428571,8.164285714285715
605,2018-01-22 21:00:00 +0000 UTC,1017,87,0,360,574,9.62190476190476,7.615238095238096
606,2018-01-22 22:00:00 +0000 UTC,1018,93,1,0,574,9.564761904761903,7.410952380952381
607,2018-01-22 23:00:00 +0000 UTC,1019,93,1,0,574,9.447142857142856,7.5423809523809515
608,2018-01-22 23:00:00 +0000 UTC,1019,93,1,0,574,10.64238095238095,8.342857142857143
609,2018-01-23 00:00:00 +0000 UTC,1021,87,2,250,574,13.402857142857142,10.245714285714286
610,2018-01-23 00:00:00 +0000 UTC,1021,87,2,250,574,15.422380952380953,11.91190476190476
611,2018-01-23 01:00:00 +0000 UTC,1022,93,2,250,574,12.431428571428574,9.00904761904762
612,2018-01-23 01:00:00 +0000 UTC,1022,93,2,250,574,12.080952380952379,9.53095238095238
613,2018-01-23 02:00:00 +0000 UTC,1022,87,4,270,574,11.943809523809525,9.556190476190478
614,2018-01-23 02:00:00 +0000 UTC,1022,87,4,270,574,9.244761904761903,7.654285714285713
615,2018-01-23 03:00:00 +0000 UTC,1023,81,3,320,574,5.582857142857142,4.749523809523811
616,2018-01-23 03:00:00 +0000 UTC,1023,81,3,320,574,3.7590476190476183,2.9509523809523808
617,2018-01-23 04:00:00 +0000 UTC,1024,81,5,280,574,3.450476190476191,2.6728571428571426
618,2018-01-23 04:00:00 +0000 UTC,1024,81,5,280,574,2.3385714285714285,1.5828571428571425
619,2018-01-23 05:00:00 +0000 UTC,1024,80,2,280,574,1.9095238095238092,1.4133333333333333
620,2018-01-23 06:00:00 +0000 UTC,1025,86,1,120,574,1.4314285714285715,0.971904761904762
621,2018-01-23 07:00:00 +0000 UTC,1025,93,1,0,574,1.360952380952381,0.8833333333333332
622,2018-01-23 09:00:00 +0000 UTC,1027,86,1,0,574,2.6314285714285717,2.1919047619047616
623,2018-01-23 10:00:00 +0000 UTC,1027,81,0,0,574,1.9280952380952379,1.4304761904761905
624,2018-01-23 11:00:00 +0000 UTC,1028,75,1,0,574,4.862857142857143,4.129523809523809
625,2018-01-23 12:00:00 +0000 UTC,1028,75,2,280,574,7.507142857142856,6.329523809523811
626,2018-01-23 13:00:00 +0000 UTC,1028,75,1,280,574,8.276190476190477,6.722380952380952
627,2018-01-23 14:00:00 +0000 UTC,1027,70,1,0,574,9.305238095238096,8.056190476190476
628,2018-01-23 15:00:00 +0000 UTC,1027,65,2,160,574,9.32238095238095,7.704285714285716
629,2018-01-23 16:00:00 +0000 UTC,1027,70,1,0,574,10.907619047619047,8.987619047619049
630,2018-01-23 17:00:00 +0000 UTC,1027,75,1,320,574,10.934285714285716,8.932857142857143
631,2018-01-23 18:00:00 +0000 UTC,1028,81,1,218,574,12.15047619047619,9.732857142857142
632,2018-01-23 19:00:00 +0000 UTC,1028,81,1,218,574,13.130476190476191,10.600952380952382
633,2018-01-23 20:00:00 +0000 UTC,1028,86,1,200,574,12.837142857142856,10.354285714285714
634,2018-01-23 21:00:00 +0000 UTC,1028,93,1,140,574,12.824761904761907,10.057619047619047
635,2018-01-23 22:00:00 +0000 UTC,1028,93,1,150,574,13.832857142857144,10.38809523809524
636,2018-01-23 23:00:00 +0000 UTC,1028,93,3,160,574,13.555714285714286,10.36
637,2018-01-24 00:00:00 +0000 UTC,1028,93,1,0,574,13.517142857142861,10.05238095238095
638,2018-01-24 01:00:00 +0000 UTC,1029,86,2,270,574,13.83047619047619,10.460476190476191
639,2018-01-24 02:00:00 +0000 UTC,1028,86,2,110,574,16.637619047619047,11.805714285714284
640,2018-01-24 03:00:00 +0000 UTC,1028,93,0,0,574,24.291428571428565,15.669047619047618
641,2018-01-24 04:00:00 +0000 UTC,1027,86,1,0,574,28.959999999999997,17.271904761904764
642,2018-01-24 05:00:00 +0000 UTC,1027,86,2,130,574,30.405714285714286,18.824285714285715
643,2018-01-24 06:00:00 +0000 UTC,1027,86,3,160,574,31.30428571428572,19.85047619047619
644,2018-01-24 07:00:00 +0000 UTC,1027,86,2,140,574,31.627619047619046,19.385238095238098
645,2018-01-24 08:00:00 +0000 UTC,1027,87,2,120,574,26.335714285714282,16.33238095238095
646,2018-01-24 09:00:00 +0000 UTC,1027,80,1,130,574,27.296666666666674,17.160000000000004
647,2018-01-24 10:00:00 +0000 UTC,1027,75,2,130,574,26.145714285714284,16.480476190476192
648,2018-01-24 11:00:00 +0000 UTC,1026,70,2,160,574,24.685238095238095,16.678571428571427
649,2018-01-24 12:00:00 +0000 UTC,1025,61,0,0,574,21.136190476190475,15.194761904761906
650,2018-01-24 13:00:00 +0000 UTC,1024,66,2,250,574,25.90666666666666,18.038095238095234
651,2018-01-24 14:00:00 +0000 UTC,1023,53,3,210,574,32.731904761904765,22.37761904761905
652,2018-01-24 15:00:00 +0000 UTC,1023,57,2,200,574,29.087142857142858,19.91619047619048
653,2018-01-24 16:00:00 +0000 UTC,1022,61,3,170,574,23.117619047619048,16.978095238095243
654,2018-01-24 17:00:00 +0000 UTC,1022,65,2,200,574,23.875714285714288,17.47142857142857
655,2018-01-24 18:00:00 +0000 UTC,1021,75,0,0,574,24.117142857142852,16.93095238095238
656,2018-01-24 19:00:00 +0000 UTC,1021,75,1,222,574,23.567619047619054,16.972857142857144
657,2018-01-24 20:00:00 +0000 UTC,1021,80,1,170,574,21.37809523809524,15.412380952380953
658,2018-01-24 21:00:00 +0000 UTC,1021,80,2,170,574,17.602857142857143,13.157142857142858
659,2018-01-24 22:00:00 +0000 UTC,1021,75,2,140,574,18.72904761904762,13.585238095238093
660,2018-01-24 23:00:00 +0000 UTC,1021,70,1,120,574,20.096666666666664,14.698095238095236
661,2018-01-25 00:00:00 +0000 UTC,1021,86,3,150,574,20.20714285714286,14.856666666666664
662,2018-01-25 01:00:00 +0000 UTC,1021,81,1,240,574,21.73333333333333,15.48142857142857
663,2018-01-25 02:00:00 +0000 UTC,1021,80,2,140,574,20.339047619047623,15.137142857142859
664,2018-01-25 03:00:00 +0000 UTC,1021,75,2,110,574,20.107619047619046,14.830952380952377
665,2018-01-25 04:00:00 +0000 UTC,1020,70,1,0,574,21.319523809523805,15.03142857142857
666,2018-01-25 05:00:00 +0000 UTC,1020,78,2,210,574,19.525238095238098,13.995714285714287
667,2018-01-25 06:00:00 +0000 UTC,1020,78,0,0,574,19.367142857142856,14.29809523809524
668,2018-01-25 07:00:00 +0000 UTC,1020,80,2,220,574,19.56238095238095,14.490476190476194
669,2018-01-25 08:00:00 +0000 UTC,1019,84,1,0,574,20.32904761904762,15.257619047619047
670,2018-01-25 09:00:00 +0000 UTC,1019,80,2,120,574,19.325714285714284,15.368571428571432
671,2018-01-25 10:00:00 +0000 UTC,1019,70,0,0,574,19.194761904761904,15.054761904761907
672,2018-01-25 11:00:00 +0000 UTC,1019,70,4,230,574,17.35952380952381,14.345714285714289
673,2018-01-25 12:00:00 +0000 UTC,1018,66,3,220,574,17.28238095238095,13.951904761904762
674,2018-01-25 13:00:00 +0000 UTC,1017,61,3,170,574,17.20619047619048,13.72095238095238
675,2018-01-25 14:00:00 +0000 UTC,1016,61,3,190,574,17.07333333333333,13.763809523809524
676,2018-01-25 15:00:00 +0000 UTC,1015,57,2,140,574,18.955714285714286,14.482857142857142
677,2018-01-25 16:00:00 +0000 UTC,1015,66,2,150,574,19.595714285714287,15.072857142857144
678,2018-01-25 17:00:00 +0000 UTC,1015,75,3,150,574,19.010952380952386,14.27095238095238
679,2018-01-25 18:00:00 +0000 UTC,1015,65,5,140,574,18.778095238095236,13.915714285714287
680,2018-01-25 19:00:00 +0000 UTC,1015,75,2,160,574,21.3452380952381,15.75047619047619
681,2018-01-25 20:00:00 +0000 UTC,1015,75,0,0,574,20.594761904761903,15.996666666666664
682,2018-01-25 21:00:00 +0000 UTC,1015,75,1,152,574,25.537142857142857,18.253809523809526
683,2018-01-25 22:00:00 +0000 UTC,1015,65,2,130,574,26.890476190476193,19.847619047619045
684,2018-01-25 23:00:00 +0000 UTC,1015,80,2,200,574,26.29047619047619,19.04047619047619
685,2018-01-26 00:00:00 +0000 UTC,1015,80,1,146,574,26.894761904761904,19.69571428571429
686,2018-01-26 01:00:00 +0000 UTC,1015,86,2,230,574,27.67809523809523,20.002380952380957
687,2018-01-26 02:00:00 +0000 UTC,1014,86,1,155,574,26.70476190476191,19.90333333333333
688,2018-01-26 03:00:00 +0000 UTC,1014,93,0,0,574,20.71190476190476,15.412857142857144
689,2018-01-26 04:00:00 +0000 UTC,1014,100,1,155,574,18.47238095238096,14.342857142857145
690,2018-01-26 05:00:00 +0000 UTC,1014,83,1,185,574,17.044761904761906,13.346190476190475
691,2018-01-26 06:00:00 +0000 UTC,1014,83,1,0,574,17.29285714285715,13.197619047619046
692,2018-01-26 07:00:00 +0000 UTC,1015,100,0,0,574,16.542380952380952,12.598095238095238
693,2018-01-26 08:00:00 +0000 UTC,1015,100,1,161,574,15.708571428571426,12.394761904761905
694,2018-01-26 09:00:00 +0000 UTC,1015,100,1,120,574,18.32523809523809,13.762857142857142
695,2018-01-26 10:00:00 +0000 UTC,1016,86,1,161,574,17.374285714285715,12.942857142857143
696,2018-01-26 11:00:00 +0000 UTC,1016,81,1,0,574,13.729999999999999,10.477619047619047
697,2018-01-26 12:00:00 +0000 UTC,1017,70,1,0,574,12.01,10.052857142857142
698,2018-01-26 13:00:00 +0000 UTC,1017,70,1,0,574,12.415714285714287,10.224285714285713
699,2018-01-26 14:00:00 +0000 UTC,1017,66,1,0,574,16.43238095238095,14.065238095238096
700,2018-01-26 15:00:00 +0000 UTC,1017,70,2,280,574,16.229047619047616,12.481904761904762
701,2018-01-26 16:00:00 +0000 UTC,1017,81,3,280,574,14.065238095238096,10.350952380952382
702,2018-01-26 17:00:00 +0000 UTC,1018,81,3,280,574,10.007619047619048,7.5423809523809515
703,2018-01-26 18:00:00 +0000 UTC,1019,81,3,280,574,7.193809523809524,5.885714285714286
704,2018-01-26 19:00:00 +0000 UTC,1020,81,5,330,574,6.830952380952381,5.944285714285715
705,2018-01-26 20:00:00 +0000 UTC,1021,87,4,270,574,5.69095238095238,4.994285714285714
706,2018-01-26 21:00:00 +0000 UTC,1022,87,3,280,574,9.796666666666667,7.775714285714287
707,2018-01-26 22:00:00 +0000 UTC,1022,87,0,0,574,9.863809523809522,8.428571428571427
708,2018-01-26 23:00:00 +0000 UTC,1022,87,2,330,574,10.89,9.061904761904762
709,2018-01-27 00:00:00 +0000 UTC,1023,81,3,340,574,9.316666666666666,8.036666666666667
710,2018-01-27 01:00:00 +0000 UTC,1024,81,4,340,574,10.24952380952381,8.22857142857143
711,2018-01-27 02:00:00 +0000 UTC,1024,93,2,320,574,8.516666666666667,6.307619047619048
712,2018-01-27 03:00:00 +0000 UTC,1025,86,2,300,574,7.052380952380953,5.39047619047619
713,2018-01-27 04:00:00 +0000 UTC,1025,86,2,310,574,10.082857142857144,7.7423809523809535
714,2018-01-27 05:00:00 +0000 UTC,1026,93,1,310,574,14.764761904761908,11.59952380952381
715,2018-01-27 05:00:00 +0000 UTC,1026,93,1,310,574,14.607142857142854,11.383333333333335
716,2018-01-27 06:00:00 +0000 UTC,1026,86,2,340,574,11.618571428571428,8.579047619047618
717,2018-01-27 07:00:00 +0000 UTC,1027,86,2,330,574,16.663809523809523,11.785238095238093
718,2018-01-27 08:00:00 +0000 UTC,1028,81,2,10,574,20.56761904761905,14.399047619047618
719,2018-01-27 09:00:00 +0000 UTC,1029,87,2,20,574,21.92095238095238,15.62904761904762
720,2018-01-27 10:00:00 +0000 UTC,1030,81,1,50,574,22.982380952380957,15.776666666666664
721,2018-01-27 11:00:00 +0000 UTC,1030,81,1,60,574,23.43428571428571,17.115238095238098
722,2018-01-27 12:00:00 +0000 UTC,1030,75,2,40,574,24.55952380952381,18.091428571428573
723,2018-01-27 13:00:00 +0000 UTC,1031,75,2,330,574,24.77,17.306190476190476
724,2018-01-27 14:00:00 +0000 UTC,1031,87,2,310,574,23.59952380952381,17.237142857142857
725,2018-01-27 15:00:00 +0000 UTC,1031,75,2,300,574,18.47,14.1447619047619
726,2018-01-27 16:00:00 +0000 UTC,1032,81,2,330,574,13.075714285714284,10.163333333333332
727,2018-01-27 17:00:00 +0000 UTC,1032,81,1,330,574,14.827142857142857,11.144761904761904
728,2018-01-27 18:00:00 +0000 UTC,1033,81,0,300,574,8.890952380952383,6.91047619047619
729,2018-01-27 19:00:00 +0000 UTC,1034,81,0,0,574,5.6014285714285705,4.267142857142858
730,2018-01-27 20:00:00 +0000 UTC,1034,87,1,200,574,5.86857142857143,4.671428571428571
731,2018-01-27 21:00:00 +0000 UTC,1035,81,2,220,574,6.156190476190476,4.756666666666667
732,2018-01-27 22:00:00 +0000 UTC,1035,75,1,210,574,4.406666666666666,3.5766666666666653
733,2018-01-27 23:00:00 +0000 UTC,1035,75,3,200,574,3.245238095238095,2.301428571428571
734,2018-01-28 00:00:00 +0000 UTC,1035,70,3,230,574,2.64047619047619,1.7761904761904763
735,2018-01-28 01:00:00 +0000 UTC,1035,86,1,210,574,2.3647619047619046,1.6285714285714288
736,2018-01-28 02:00:00 +0000 UTC,1035,75,3,230,574,3.9957142857142856,2.9795238095238092
737,2018-01-28 03:00:00 +0000 UTC,1036,81,3,250,574,5.355714285714285,4.06095238095238
738,2018-01-28 04:00:00 +0000 UTC,1036,81,2,240,574,5.586666666666666,4.380000000000001
739,2018-01-28 05:00:00 +0000 UTC,1036,81,2,230,574,3.8799999999999994,3.106190476190476
740,2018-01-28 06:00:00 +0000 UTC,1037,81,2,240,574,7.586666666666666,5.958095238095238
741,2018-01-28 07:00:00 +0000 UTC,1037,75,2,210,574,10.08,8.113809523809525
742,2018-01-28 08:00:00 +0000 UTC,1037,75,2,230,574,11.166666666666668,9.3
743,2018-01-28 09:00:00 +0000 UTC,1037,75,2,200,574,15.369047619047619,12.205238095238096
